Pseudonym,Average Differentness,Chain Length (Max),Chain Length (Mean)
Indoor-book,8.95464480874317,28,12.6065573770492
Joyful-Seat,6.3003003003003,22,8.51351351351351
juggle-tea,8.08021390374332,25,10.0294117647059
